name,id,designation,tech/manufacturer,system id,fleet pts,hitpoints,armor rating,max flux,8/6/5/4%,flux dissipation,ordnance points,fighter bays,max speed,acceleration,deceleration,max turn rate,turn acceleration,mass,shield type,defense id,shield arc,shield upkeep,shield efficiency,phase cost,phase upkeep,min crew,max crew,cargo,fuel,fuel/ly,range,max burn,base value,cr %/day,CR to deploy,peak CR sec,CR loss/sec,supplies/rec,supplies/mo,hints,tags,rarity,breakProb,minPieces,maxPieces,number
Boulder,astroidships_boulder,Shuttle,Low Tech,fastmissileracks,2,1500,100,1000,,150,20,,130,300,200,50,200,90,FRONT,,180,0.1,1,,,10,20,20,20,1,14,10,3000,6,2,180,0.1,0.5,3,CIVILIAN,"pirate_bp,pirates,independent",0.5,0.4,2,3,999
Stoner,astroidships_stoner,Frigate,Low Tech,flarelauncher,3,700,70,1200,,70,30,,100,300,200,80,120,80,FRONT,,200,0.1,0.9,,,8,15,25,20,1,15,10,4000,4,2,240,0.1,1,3,COMBAT,"pirate_bp,pirates,independent",0.5,0.3,2,3,999
Havel,astroidships_havel,Frigate,Low Tech,ammofeed,5,2000,170,1500,,200,40,,140,250,100,70,100,120,FRONT,,170,0.2,0.8,,,15,28,30,35,1,20,10,7000,5,4,240,0.1,6,4,COMBAT,"pirate_bp,pirates,independent",0.4,0.3,2,3,999
Vesta,astroidships_vesta,Destroyer,Low Tech,burndrive,10,7000,350,4600,,250,90,,75,300,150,60,20,340,FRONT,,200,0.3,0.9,,,50,100,110,80,3,30,8,45000,5,10,360,0.2,8,8,COMBAT,"pirate_bp,pirates,independent",0.3,0.4,2,3,999
Tholen,astroidships_tholen,Destroyer,Low Tech,flarelauncher,10,9000,370,5000,,270,100,,75,200,120,60,80,400,FRONT,,200,0.3,0.8,,,50,70,110,90,2,22,8,50000,5,10,360,0.2,8,8,COMBAT,"pirate_bp,pirates,independent",0.5,0.3,2,3,999
Galileo,astroidships_galileo,Destroyer,Low Tech,fastmissileracks,8,3000,150,3500,,150,80,,80,300,250,70,80,240,FRONT,,220,0.8,1,,,40,60,65,60,2,20,9,30000,3,5,360,0.1,6,5,COMBAT,"pirate_bp,pirates,independent",0.4,0.3,2,3,999
Rock,astroidships_rock,Cruiser,Low Tech,maneuveringjets,15,10000,300,6000,,350,110,,75,200,200,60,100,500,FRONT,,300,0.4,0.9,,,100,160,170,110,3,30,7,90000,4,10,420,0.1,15,10,COMBAT,"pirate_bp,pirates,independent",0.5,0.2,2,4,999
Cerus,astroidships_cerus,Cruiser,Low Tech,burndrive,20,15000,400,8000,,600,170,1,75,270,180,70,90,700,FRONT,,300,0.4,0.8,,,150,200,140,200,5,40,7,150000,4,12,540,0.1,20,15,COMBAT,"pirate_bp,pirates,independent",0.4,0.3,2,4,999
Clanker,astroidships_clanker,Cruiser,Low Tech,maneuveringjets,18,13000,350,7000,,570,110,,80,300,300,100,200,650,FRONT,,300,0.3,0.9,,,120,160,150,300,4,50,8,140000,4,10,420,0.1,16,12,COMBAT,"pirate_bp,pirates,independent",0.5,0.3,2,4,999
Pebble,astroidships_pebble,Battlecarrier,Low Tech,fortressshield,40,35000,700,16000,,900,300,3,35,100,50,30,40,2000,FRONT,,360,0.5,0.8,,,540,700,460,570,12,60,7,300000,4,20,640,0.15,40,25,COMBAT,"pirate_bp,pirates,independent",0.4,0.2,2,4,999
